{
  "name": "angular-cookies",
  "version": "1.4.4",
  "main": "./angular-cookies.js",
  "ignore": [],
  "dependencies": {
    "angular": "1.4.4"
  },
  "homepage": "https://github.com/angular/bower-angular-cookies",
  "_release": "1.4.4",
  "_resolution": {
    "type": "version",
    "tag": "v1.4.4",
    "commit": "403fb80270bb2fd8f044c8ccdc8486d83f7c334e"
  },
  "_source": "git://github.com/angular/bower-angular-cookies.git",
  "_target": "~1.4.4",
  "_originalSource": "angular-cookies",
  "_direct": true
}